date,sitrep_number,confirmed_cases_cumulative,confirmed_deaths_cumulative,new_confirmed_cases_reported,daily_deaths_reported,source_url,source_data_as_of_date,curation_date,notes
2026-05-30,16,282,42,19,,https://insp.cd/sitrep-n016-mvb_30-2026/,2026-05-30,2026-06-25,"Daily changes are newly reported values, not necessarily new infections."
2026-05-31,17,321,48,12,,https://insp.cd/sitrep-n017-mvb_31-2026/,2026-05-31,2026-06-25,"Daily changes are newly reported values, not necessarily new infections."
2026-06-01,18,344,60,23,,https://insp.cd/sitrep-n018-mvb_01-06-2026/,2026-06-01,2026-06-25,"Daily changes are newly reported values, not necessarily new infections."
2026-06-02,19,363,62,19,2,https://insp.cd/sitrep-n019-mvb_01-06-2026/,2026-06-02,2026-06-25,"Daily changes are newly reported values, not necessarily new infections."
2026-06-03,20,381,64,18,2,https://insp.cd/sitrep-n020-mvb_02-06-2026/,2026-06-03,2026-06-25,"Daily changes are newly reported values, not necessarily new infections."
2026-06-05,22,488,86,36,4,https://insp.cd/sitrep-n22-mvb_05-06-2026/,2026-06-05,2026-06-25,"Daily changes are newly reported values, not necessarily new infections."
2026-06-06,23,515,91,27,4,https://insp.cd/sitrep-n23-mvb_06-06-2026/,2026-06-06,2026-06-25,"Daily changes are newly reported values, not necessarily new infections."
2026-06-07,24,550,101,35,10,https://insp.cd/sitrep-n24-mvb_07-06-2026/,2026-06-07,2026-06-25,"Daily changes are newly reported values, not necessarily new infections."
2026-06-08,25,598,115,48,14,https://insp.cd/sitrep-n25-mvb_08-06-2026/,2026-06-08,2026-06-25,"Daily changes are newly reported values, not necessarily new infections."
2026-06-09,26,635,127,37,12,https://insp.cd/sitrep-n26-mvb_09-06-2026/,2026-06-09,2026-06-25,"Daily changes are newly reported values, not necessarily new infections."
2026-06-10,27,676,136,41,9,https://insp.cd/sitrep-n27-mvb_10-06-2026/,2026-06-10,2026-06-25,"Daily changes are newly reported values, not necessarily new infections."
2026-06-11,28,689,139,17,5,https://insp.cd/sitrep-n28-mvb_11-06-2026/,2026-06-11,2026-06-25,"Daily changes are newly reported values, not necessarily new infections."
2026-06-13,30,782,181,72,29,https://insp.cd/sitrep-n30-mvb_13-06-2026/,2026-06-13,2026-06-25,"Daily changes are newly reported values, not necessarily new infections."
2026-06-14,31,808,192,26,11,https://insp.cd/sitrep-n31-mvb_14-06-2026/,2026-06-14,2026-06-25,"Daily changes are newly reported values, not necessarily new infections."
2026-06-15,32,837,196,29,4,https://insp.cd/sitrep-n32-mvb_15-06-2026/,2026-06-15,2026-06-25,"Daily changes are newly reported values, not necessarily new infections."
2026-06-16,33,875,202,40,4,https://insp.cd/sitrep-n33-mvb_16-06-2026/,2026-06-16,2026-06-25,"Daily changes are newly reported values, not necessarily new infections."
2026-06-17,34,896,232,21,6,https://insp.cd/sitrep-n34-mvb_17-06-2026/,2026-06-17,2026-06-25,"Daily changes are newly reported values, not necessarily new infections."
2026-06-18,35,933,245,36,12,https://insp.cd/sitrep-n35-mvb_18-06-2026/,2026-06-18,2026-06-25,"Daily changes are newly reported values, not necessarily new infections."
2026-06-19,36,956,247,23,2,https://insp.cd/sitrep-n36-mvb_19-06-2026/,2026-06-19,2026-06-25,"Daily changes are newly reported values, not necessarily new infections."
2026-06-20,37,1003,254,47,7,https://insp.cd/sitrep-n37-mvb_20-06-2026/,2026-06-20,2026-06-25,"Daily changes are newly reported values, not necessarily new infections."
2026-06-21,38,1048,267,45,13,https://insp.cd/sitrep-n38-mvb_21-06-2026/,2026-06-21,2026-06-25,"Daily changes are newly reported values, not necessarily new infections."
2026-06-22,39,1094,277,46,10,https://insp.cd/sitrep-n39-mvb_22-06-2026/,2026-06-22,2026-06-25,"Daily changes are newly reported values, not necessarily new infections."
2026-06-23,40,1118,291,24,14,https://insp.cd/sitrep-n040-mvb_23-06-2026/,2026-06-23,2026-07-14,"Daily changes are newly reported values, not necessarily new infections."
2026-06-24,41,1155,304,37,13,https://insp.cd/sitrep-n041-mvb_24-06-2026/,2026-06-24,2026-07-14,"Daily changes are newly reported values, not necessarily new infections."
2026-06-25,42,1203,321,48,17,https://insp.cd/sitrep-n042-mvb_25-06-2026/,2026-06-25,2026-07-14,"Daily changes are newly reported values, not necessarily new infections."
2026-06-27,44,1274,360,47,12,https://insp.cd/sitrep-n044-mvb_27-06-2026/,2026-06-27,2026-07-14,"The daily death value is deaths among the 47 newly reported confirmed cases; it is not added to treatment-centre deaths stated elsewhere in the SitRep."
2026-06-29,46,1333,399,26,8,https://insp.cd/sitrep-n046-mvb_29-06-2026/,2026-06-29,2026-07-14,"Daily values use the ECDC-reported increase and are not calculated by subtracting cumulative chart points."
2026-06-30,47,1406,438,73,25,https://insp.cd/sitrep-n047-mvb_30-06-2026/,2026-06-30,2026-07-14,"Daily changes are newly reported values, not necessarily new infections."
2026-07-01,48,1460,452,54,9,https://insp.cd/sitrep-n48-mvb_01-07-2026/,2026-07-01,2026-07-14,"Daily changes are newly reported values, not necessarily new infections."
2026-07-02,49,1502,473,42,7,https://insp.cd/sitrep-n049-mvb_02-07-2026/,2026-07-02,2026-07-14,"Daily changes are newly reported values, not necessarily new infections."
2026-07-03,50,1528,492,26,9,https://insp.cd/sitrep-n050-mvb_02-07-2026/,2026-07-03,2026-07-14,"Daily changes are newly reported values, not necessarily new infections."
2026-07-04,51,1561,506,33,6,https://insp.cd/sitrep-n051-mvb_04-07-2026/,2026-07-04,2026-07-14,"Daily changes are newly reported values, not necessarily new infections."
2026-07-05,52,1624,521,63,8,https://insp.cd/sitrep-n052-mvb_05-07-2026/,2026-07-05,2026-07-14,"Daily changes are newly reported values, not necessarily new infections."
2026-07-06,53,1708,580,84,,https://insp.cd/sitrep-n053-mvb_06-07-2026/,2026-07-06,2026-07-14,"Daily deaths are blank because the SitRep does not state a directly comparable metric."
2026-07-07,54,1759,600,51,,https://insp.cd/sitrep-n054-mvb_07-07-2026/,2026-07-07,2026-07-14,"Daily deaths are blank because the SitRep does not state a directly comparable metric."
2026-07-08,55,1792,625,33,,https://insp.cd/sitrep-n055-mvb_08-07-2026/,2026-07-08,2026-07-14,"Daily deaths are blank because the SitRep does not state a directly comparable metric."
2026-07-09,56,1830,648,38,,https://insp.cd/sitrep-n056-mvb_09-07-2026/,2026-07-09,2026-07-14,"Daily deaths are blank because the SitRep does not state a directly comparable metric."
2026-07-10,57,1873,672,43,,https://insp.cd/sitrep-n057-mvb_10-07-2026/,2026-07-10,2026-07-14,"Daily deaths are blank because the SitRep does not state a directly comparable metric."
2026-07-11,58,1926,702,53,,https://insp.cd/sitrep-n058-mvb_11-07-2026/,2026-07-11,2026-07-14,"Daily deaths are blank because the SitRep contains internally inconsistent daily-death figures."
2026-07-13,60,2011,754,54,,https://insp.cd/sitrep-n060-mvb-13-07-2026/,2026-07-13,2026-07-17,"Daily deaths are blank because the reported death construction is not directly comparable with this series; the SitRep also contains a visibly misaligned continuation row in Table 2."
2026-07-14,61,2073,796,62,42,https://insp.cd/sitrep-n061-mvb_14-07-2026/,2026-07-14,2026-07-17,"The SitRep directly reports 62 newly confirmed cases and 42 confirmed deaths, split into 27 community deaths and 15 deaths in treatment centres."
2026-07-15,62,2124,828,51,32,https://insp.cd/sitrep-n062-mvb_15-07-2026/,2026-07-15,2026-07-20,"The SitRep directly reports 51 newly confirmed cases and 32 confirmed deaths; one note contains an arithmetic typo, while the heading, prose and cumulative total support 32."
2026-07-17,64,2267,893,86,29,https://insp.cd/sitrep-n064-mvb_17-07-2026/,2026-07-17,2026-07-20,"The heading, prose and provincial sum directly support 86 newly confirmed cases and 29 deaths; the total row of Table 2 mistakenly prints 56 new cases."
2026-07-18,65,2344,930,83,40,https://insp.cd/sitrep-n065-mvb_18-07-2026/,2026-07-18,2026-07-20,"The SitRep directly reports 83 newly confirmed cases and 40 confirmed deaths; the report notes data harmonisation between Haut-Uele and Nia-Nia in Ituri."
2026-07-19,66,2423,967,79,37,https://insp.cd/sitrep-n066-mvb_19-07-2026/,2026-07-19,2026-07-22,"The SitRep directly reports 79 newly confirmed cases and 37 confirmed deaths; Adja in Ituri is newly affected. Page 8 contains a narrative typo for the Ituri isolation subtotal, while the heading, table and arithmetic support the overall total of 734."
2026-07-20,67,2473,999,50,32,https://insp.cd/sitrep-n067-mvb_20-07-2026/,2026-07-20,2026-07-23,"The SitRep directly reports 50 newly confirmed cases (42 in Ituri and 8 in North Kivu), 32 confirmed deaths (27 in Ituri and 5 in North Kivu) and no newly affected health zone."
2026-07-21,68,2536,1033,63,34,https://insp.cd/wp-content/uploads/2026/07/SitRep_MVE_RDC_N%C2%B0_68_21-07-2026.pdf,2026-07-21,2026-07-24,"The cover, Table 2, WHO cross-check and provincial sum support 2,536 confirmed cases. Table 1's total row mistakenly says 2,531 and the following prose mistakenly says 2,228 rather than 2,248 for Ituri. The SitRep directly reports 63 newly confirmed cases and 34 deaths."
2026-07-22,69,2905,1269,,,https://insp.cd/sitrep-n069-mvb_22-07-2026/,2026-07-22,2026-07-27,"Cumulative totals cross-checked against ECDC. Daily values remain blank because ECDC's overall new-case figure and provincial split are internally inconsistent, and cumulative differences are not treated as daily incidence."
2026-07-23,70,2973,1309,,,https://insp.cd/sitrep-n070-mvb_23-07-2026/,2026-07-23,2026-07-27,"Cumulative totals cross-checked against government figures reported by multiple independent wire services. Daily values remain blank because direct internally consistent daily metrics were not available during the review."
2026-07-24,71,3075,1354,,,https://insp.cd/sitrep-n071-mvb_24-07-2026/,2026-07-24,2026-07-27,"Cumulative totals cross-checked against WHO daily update 20260726; provincial totals sum to 3,075 cases and 1,354 deaths. Daily values remain blank because the increase includes data harmonisation and retrospective processing."
